perspective,taxonomy,metric,mixture,n_models,n_within_pairs,n_between_pairs,within_mean,within_sd,between_mean,between_sd,ratio,n_between_same_seed_pairs,between_same_seed_mean,between_same_seed_sd,n_between_diff_seed_pairs,between_diff_seed_mean,between_diff_seed_sd,ratio_same_seed,seconds
structural_all_o,structural,cosine,ALL,160,720,12000,0.6166702031572214,0.010396805282252551,0.7406055163484098,0.12342930838498323,0.832656778196499,1200,0.430547152410191,0.13740370843920932,10800,0.7750564456748784,0.0544162708101423,1.4322942323625154,0.01
structural_all_o,structural,cosine,yahoo_000g1_000g2_100g3_n1000_s00,10,45,1500,0.6186998590728554,0.007413323164819644,0.7983311210445989,0.10151632394752348,0.7749915326654184,150,0.5556150088375937,0.12545130776795613,1350,0.8252995779564885,0.04928468267652897,1.113540579775269,0.01
structural_all_o,structural,cosine,yahoo_000g1_025g2_075g3_n1000_s00,10,45,1500,0.6276136155135471,0.006934437254278897,0.7502694305199602,0.11671254551243752,0.8365176428401078,150,0.4453941774385042,0.11972313709454176,1350,0.7841444586401219,0.04547035118429969,1.4091194885460803,0.01
structural_all_o,structural,cosine,yahoo_000g1_050g2_050g3_n1000_s00,10,45,1500,0.62807178099733,0.00590546031278692,0.7326672298245369,0.12339769538639293,0.8572401704764986,150,0.4029651284829936,0.1174963199777058,1350,0.7693007966402642,0.04432567286023901,1.558625639299795,0.01
structural_all_o,structural,cosine,yahoo_000g1_075g2_025g3_n1000_s00,10,45,1500,0.6215102870253857,0.0051475811024468705,0.7447006670805005,0.1250869137320137,0.8345773201223704,150,0.43387469089968705,0.14499689454976808,1350,0.7792368866561463,0.055872591977914984,1.4324649491230188,0.01
structural_all_o,structural,cosine,yahoo_000g1_100g2_000g3_n1000_s00,10,45,1500,0.6091646022000572,0.005649109197662936,0.7744791475194351,0.1158751823833303,0.7865474547005419,150,0.5062787989887151,0.15224579423162227,1350,0.8042791862450708,0.05884819390982852,1.2032196556854742,0.01
structural_all_o,structural,cosine,yahoo_025g1_000g2_075g3_n1000_s00,10,45,1500,0.6223124610999933,0.008477284626127827,0.7528219919992241,0.11612458067886272,0.8266395877295714,150,0.45498841447741634,0.12366313361773147,1350,0.7859146117238696,0.04829961874781852,1.367754521430528,0.01
structural_all_o,structural,cosine,yahoo_025g1_025g2_050g3_n1000_s00,10,45,1500,0.6194470378266578,0.005277396222474055,0.7108180733402748,0.12588078030955663,0.8714565105467191,150,0.3630245855403748,0.10080635511611288,1350,0.7494617942069305,0.03929580506849944,1.7063500999652383,0.01
structural_all_o,structural,cosine,yahoo_025g1_050g2_025g3_n1000_s00,10,45,1500,0.6181191591301143,0.005055854324368986,0.7088827444343487,0.12917864320693176,0.8719624846043347,150,0.36267185318903844,0.11943155641166438,1350,0.7473506212393832,0.04646066772738152,1.7043483074158692,0.01
structural_all_o,structural,cosine,yahoo_025g1_075g2_000g3_n1000_s00,10,45,1500,0.6146050219663635,0.0071246295045194075,0.7373250886644034,0.12511412035421335,0.8335604354378663,150,0.4245452673212039,0.14054333409074896,1350,0.772078402146981,0.05585860178571262,1.4476784203587965,0.01
structural_all_o,structural,cosine,yahoo_033g1_033g2_033g3_n1000_s00,10,45,1500,0.6290715061199095,0.0068560044671196994,0.7126125933552102,0.12395956395725902,0.8827678769442422,150,0.36798421646794877,0.09244004174055341,1350,0.7509046352315727,0.038223511165314694,1.7095067613442092,0.01
structural_all_o,structural,cosine,yahoo_050g1_000g2_050g3_n1000_s00,10,45,1500,0.6158235553479341,0.006318732418226016,0.7349554430064679,0.1207089469010255,0.8379059726788289,150,0.41711966834281705,0.11643355263384059,1350,0.7702705290802068,0.04702924509163931,1.4763714158925942,0.01
structural_all_o,structural,cosine,yahoo_050g1_025g2_025g3_n1000_s00,10,45,1500,0.6123663494507202,0.007532453431489629,0.7107324952911541,0.12591161308924886,0.8615989187322329,150,0.37206417526456687,0.11096714204802142,1350,0.7483623086274416,0.04568415703734581,1.6458621661579742,0.01
structural_all_o,structural,cosine,yahoo_050g1_050g2_000g3_n1000_s00,10,45,1500,0.6160637618544881,0.006681356295287098,0.7247686386539683,0.12431260476655928,0.8500143756201073,150,0.4008258135836725,0.12387295213514964,1350,0.7607622858840013,0.05010310600816172,1.536986244339986,0.01
structural_all_o,structural,cosine,yahoo_075g1_000g2_025g3_n1000_s00,10,45,1500,0.6085478400071149,0.008139927269712096,0.7450749003912907,0.1219378797889331,0.8167606232440847,150,0.44301062909756733,0.1374003049131579,1350,0.7786375972017044,0.05620271438391207,1.373664196831472,0.01
structural_all_o,structural,cosine,yahoo_075g1_025g2_000g3_n1000_s00,10,45,1500,0.6044670730484755,0.006730242021880055,0.7353910372495636,0.12275841860997652,0.8219668753500765,150,0.4249743877309196,0.1315871622436055,1350,0.7698817760849683,0.054074142764878194,1.422361183401963,0.01
structural_all_o,structural,cosine,yahoo_100g1_000g2_000g3_n1000_s00,10,45,1500,0.6008393398545959,0.00623035250267474,0.7758576591996166,0.11278050075417216,0.7744195507129858,150,0.5134176229000361,0.14474227949464416,1350,0.8050176632329035,0.05746164020979154,1.1702740869328925,0.01
functional_all,functional,cosine,ALL,160,720,12000,0.0014838907701118457,0.00011909422831853124,0.019360535022569982,0.007233058639491147,0.07664513239856059,1200,0.018801053234480357,0.007393997945291575,10800,0.019422699665691052,0.007212276319283715,0.07892593843574951,0.88
functional_all,functional,cosine,yahoo_000g1_000g2_100g3_n1000_s00,10,45,1500,0.0014521826111544634,0.00012205132609595687,0.025214679560526664,0.006860681862171864,0.05759274503840379,150,0.024782402024663374,0.0069921425710538195,1350,0.025262710397844803,0.006844234166113705,0.05859733086846285,0.88
functional_all,functional,cosine,yahoo_000g1_025g2_075g3_n1000_s00,10,45,1500,0.0014931316462924707,0.0001069171438702273,0.019702694660348297,0.006175563926283502,0.07578311860546671,150,0.019157322189195428,0.00631804681530705,1350,0.019763291601587508,0.0061565475848423205,0.07794051963768635,0.88
functional_all,functional,cosine,yahoo_000g1_050g2_050g3_n1000_s00,10,45,1500,0.0015098327950136437,9.177835803210466e-05,0.018007458915140367,0.0059403741794007035,0.08384485574165058,150,0.017412599003394716,0.0060757331931323,1350,0.018073554460889884,0.005921455753572604,0.08670921524806782,0.88
functional_all,functional,cosine,yahoo_000g1_075g2_025g3_n1000_s00,10,45,1500,0.0014833520176687697,0.00011011028125587683,0.019506223355574982,0.007285489457351237,0.07604506472775623,150,0.01896358822593471,0.007465691925923147,1350,0.019566516147757233,0.007262688823538384,0.07822106238523621,0.88
functional_all,functional,cosine,yahoo_000g1_100g2_000g3_n1000_s00,10,45,1500,0.001584483898783996,0.0001269389075372451,0.025191208490557282,0.008443180773029383,0.06289828847940847,150,0.024721229568109713,0.008628695677605273,1350,0.025243428370829237,0.008420696752203935,0.06409405707020228,0.88
functional_all,functional,cosine,yahoo_025g1_000g2_075g3_n1000_s00,10,45,1500,0.0015257399416331295,9.809453191436151e-05,0.020378808169997403,0.006840069726188705,0.0748689486110082,150,0.019838781219052012,0.006991554374677615,1350,0.02043881116454689,0.006820391595756695,0.07690693923112059,0.88
functional_all,functional,cosine,yahoo_025g1_025g2_050g3_n1000_s00,10,45,1500,0.001519447885730512,0.00010012395741647584,0.015764384051316253,0.005285546465813765,0.09638485593756169,150,0.015108874787692832,0.005410629344585231,1350,0.015837218413941076,0.0052664310973073196,0.1005665813689979,0.88
functional_all,functional,cosine,yahoo_025g1_050g2_025g3_n1000_s00,10,45,1500,0.0014756351004023937,8.004109960359648e-05,0.01564959636401421,0.005916218968639432,0.09429221470501141,150,0.015011506293782523,0.006058571622966729,1350,0.015720495260706617,0.005895928726376216,0.09830026857555084,0.88
functional_all,functional,cosine,yahoo_025g1_075g2_000g3_n1000_s00,10,45,1500,0.0014216694414297256,8.303380642903338e-05,0.019131495033174593,0.007119285867878376,0.07431042053767924,150,0.01857568751900647,0.007283079346986134,1350,0.01919325142363772,0.007098167378920645,0.0765338801040385,0.88
functional_all,functional,cosine,yahoo_033g1_033g2_033g3_n1000_s00,10,45,1500,0.0014810261331062139,0.00012224582974716878,0.015423427093549625,0.0049320031827541,0.09602445190184791,150,0.014805929748118937,0.005041399857088672,1350,0.01549203790970859,0.0049149112285354225,0.10002925573075715,0.88
functional_all,functional,cosine,yahoo_050g1_000g2_050g3_n1000_s00,10,45,1500,0.0015607108564263555,0.0001353227373652566,0.019539321327025395,0.0068084454844117405,0.07987538719001931,150,0.018961149826392628,0.006949245987994061,1350,0.019603562604873483,0.006789582335217312,0.08231098170291089,0.88
functional_all,functional,cosine,yahoo_050g1_025g2_025g3_n1000_s00,10,45,1500,0.0015233885599093568,0.00011354854098011035,0.01649513611963175,0.0058071700090356814,0.09235380350067497,150,0.01585297986872138,0.00593727266965602,1350,0.01656648681417735,0.005788137730061927,0.09609477666183561,0.88
functional_all,functional,cosine,yahoo_050g1_050g2_000g3_n1000_s00,10,45,1500,0.0015057414664308814,0.00013389190468631032,0.017341476558271972,0.006260719067223782,0.0868289076406608,150,0.016743035235679424,0.006395233425881052,1350,0.017407970038560035,0.006242053591501707,0.08993240743005455,0.88
functional_all,functional,cosine,yahoo_075g1_000g2_025g3_n1000_s00,10,45,1500,0.0014393864030791607,7.816122373905197e-05,0.020135065166110792,0.007160907509291789,0.07148655299620203,150,0.019606975788389373,0.007325426273704422,1350,0.02019374176363539,0.007139983104524832,0.07341195391955957,0.88
functional_all,functional,cosine,yahoo_075g1_025g2_000g3_n1000_s00,10,45,1500,0.0013808749404103432,8.140580637138629e-05,0.018778213844287527,0.006461831661762498,0.07353601103176358,150,0.018224829231003506,0.006614031720112516,1350,0.018839701023541305,0.0064417648381115715,0.0757688822708551,0.88
functional_all,functional,cosine,yahoo_100g1_000g2_000g3_n1000_s00,10,45,1500,0.0013856486243181143,7.179881475372939e-05,0.023509371651592618,0.007153315588937611,0.0589402662416222,150,0.02304996122254868,0.007326653744888916,1350,0.023560417254819725,0.007131969302818354,0.060115008912145156,0.88
behavioral,behavioral,cosine,ALL,160,720,12000,0.01994133879391548,0.007464915287169134,0.0260323870945896,0.004121852613676483,0.76602036998981,1200,0.025389531903078837,0.0041998475609656,10800,0.026103815449201907,0.0041068883769633776,0.7854157717455718,0.58
behavioral,behavioral,cosine,yahoo_000g1_000g2_100g3_n1000_s00,10,45,1500,0.02019950879074871,0.007050665803724716,0.02729992406850156,0.0034262161963044173,0.7399108048822285,150,0.02677536293379783,0.0035737539675327985,1350,0.027358208639024193,0.0034044434789655565,0.754406535616046,0.58
behavioral,behavioral,cosine,yahoo_000g1_025g2_075g3_n1000_s00,10,45,1500,0.01936480993858944,0.007326671660699748,0.0255634806581972,0.0038435244512776516,0.757518516258071,150,0.02483222078335323,0.00397955789616804,1350,0.02564473175540209,0.0038194787945042465,0.7798259409634043,0.58
behavioral,behavioral,cosine,yahoo_000g1_050g2_050g3_n1000_s00,10,45,1500,0.02120601552538895,0.0076024327265477275,0.02618304695237606,0.004088737221410856,0.8099139708208996,150,0.025752411320963155,0.004365735959135013,1350,0.026230895355866386,0.004053969493912104,0.8234574720436638,0.58
behavioral,behavioral,cosine,yahoo_000g1_075g2_025g3_n1000_s00,10,45,1500,0.01985687520575496,0.007669707742038823,0.026439744697142168,0.0042670292405560415,0.7510237119612301,150,0.025637272691373128,0.004252747607905158,1350,0.02652890825333873,0.004259290637382319,0.774531497355284,0.58
behavioral,behavioral,cosine,yahoo_000g1_100g2_000g3_n1000_s00,10,45,1500,0.0203037555646263,0.007046586713639836,0.027547447307563255,0.00386977595785122,0.7370467157242488,150,0.02713773801092224,0.003932711073973744,1350,0.027592970562745588,0.0038600364166339433,0.7481742051034085,0.58
behavioral,behavioral,cosine,yahoo_025g1_000g2_075g3_n1000_s00,10,45,1500,0.018269756212482554,0.007323257392725254,0.02655459645207963,0.004099116510346228,0.6880073001844377,150,0.025586311296718314,0.004122862691238737,1350,0.02666218369156422,0.0040823170655636485,0.7140441621542306,0.58
behavioral,behavioral,cosine,yahoo_025g1_025g2_050g3_n1000_s00,10,45,1500,0.020689688140618775,0.007333911528157241,0.02527962660764906,0.0041482379267420945,0.8184332965724475,150,0.02444252231525627,0.004313277544892291,1350,0.0253726381956927,0.004119004893221007,0.8464628925675526,0.58
behavioral,behavioral,cosine,yahoo_025g1_050g2_025g3_n1000_s00,10,45,1500,0.01918158304005161,0.007187056578093532,0.02487415352302049,0.004184643960756314,0.7711451576552935,150,0.0241826206614076,0.004346933128726635,1350,0.02495099050764415,0.004159130119505183,0.7931970363602067,0.58
behavioral,behavioral,cosine,yahoo_025g1_075g2_000g3_n1000_s00,10,45,1500,0.02140238566958665,0.00801663011620535,0.02677850006519775,0.004261939876231312,0.7992376577283326,150,0.02634382433957616,0.004641894179570174,1350,0.0268267973680446,0.004214844097026775,0.8124251586901899,0.58
behavioral,behavioral,cosine,yahoo_033g1_033g2_033g3_n1000_s00,10,45,1500,0.018067251939638374,0.007239104973639008,0.02477078935651953,0.004106215917485276,0.7293773193740867,150,0.023753245051792875,0.004040082613845376,1350,0.02488384983482249,0.004097931505657327,0.7606224707505669,0.58
behavioral,behavioral,cosine,yahoo_050g1_000g2_050g3_n1000_s00,10,45,1500,0.01988629979720613,0.008189708506204485,0.026045601489216922,0.004350621324667311,0.7635185467089025,150,0.025298152548937015,0.004370140220142409,1350,0.02612865137147024,0.004340509162375449,0.7860771555843005,0.58
behavioral,behavioral,cosine,yahoo_050g1_025g2_025g3_n1000_s00,10,45,1500,0.020301269473101416,0.007281395788717072,0.025436432168996003,0.004166744691851973,0.798117807490559,150,0.024820683111892592,0.00410174750493317,1350,0.02550484873089637,0.004168293100455394,0.8179174352930785,0.58
behavioral,behavioral,cosine,yahoo_050g1_050g2_000g3_n1000_s00,10,45,1500,0.01974983597004165,0.007741514532556454,0.025417134116207222,0.004218515600868668,0.7770284360048357,150,0.024688673874948695,0.004172214706398737,1350,0.02549807414301372,0.004215866159546499,0.7999553183810969,0.58
behavioral,behavioral,cosine,yahoo_075g1_000g2_025g3_n1000_s00,10,45,1500,0.02031239352642297,0.006980519138376646,0.026093091386628235,0.0039924161093816595,0.7784586818575409,150,0.025855645614129105,0.0037781888071732805,1350,0.026119474250239253,0.004014646909166813,0.7856076707410871,0.58
behavioral,behavioral,cosine,yahoo_075g1_025g2_000g3_n1000_s00,10,45,1500,0.019337459144317865,0.007353748217970787,0.025699403471004273,0.003928663044168461,0.7524477821493264,150,0.025024770672893625,0.0038630216428595164,1350,0.025774362670794342,0.0039287444642159015,0.7727327213936809,0.58
behavioral,behavioral,cosine,yahoo_100g1_000g2_000g3_n1000_s00,10,45,1500,0.020932532764071345,0.007070698614625572,0.026535221193134267,0.0036980037378339416,0.7888584237423819,150,0.0261010552212996,0.0036005070260115113,1350,0.02658346185667145,0.0037055397126811523,0.8019803255689634,0.58
behavioral_greedy,behavioral,cosine,ALL,160,720,12000,0.0922885709054184,0.010307675836513437,0.17328257659797805,0.017010532828990645,0.5325900198236968,1200,0.17160867702506352,0.017898768290595557,10800,0.173468565439413,0.01689872808665002,0.537784991442709,0.25
behavioral_greedy,behavioral,cosine,yahoo_000g1_000g2_100g3_n1000_s00,10,45,1500,0.08843793031826061,0.008862211710124393,0.18202191730157136,0.012489310786806299,0.48586418399130415,150,0.1812438336077286,0.012851841283037048,1350,0.18210837104533167,0.012445375457249039,0.48795000943132466,0.25
behavioral_greedy,behavioral,cosine,yahoo_000g1_025g2_075g3_n1000_s00,10,45,1500,0.08980468319494771,0.006349018769045353,0.17345347250886822,0.01362958213328702,0.5177450868869531,150,0.17164181475433538,0.014658214506203497,1350,0.17365476781492745,0.013495452142392927,0.5232098211236106,0.25
behavioral_greedy,behavioral,cosine,yahoo_000g1_050g2_050g3_n1000_s00,10,45,1500,0.08085385540021134,0.008280302832806409,0.1668514438222041,0.016791048005163497,0.4845858899870757,150,0.16529031037956063,0.01741861763116888,1350,0.16702490309360896,0.016710863932188007,0.48916270539116563,0.25
behavioral_greedy,behavioral,cosine,yahoo_000g1_075g2_025g3_n1000_s00,10,45,1500,0.0912886132733055,0.006262927672372745,0.1778670204639818,0.01954794981644813,0.5132408078528053,150,0.17636418004627213,0.020459950309008802,1350,0.17803400273261621,0.01943680465449558,0.5176142527884878,0.25
behavioral_greedy,behavioral,cosine,yahoo_000g1_100g2_000g3_n1000_s00,10,45,1500,0.09167411248615916,0.005944968454078695,0.1834575046247756,0.0177163443737154,0.4997021663063585,150,0.18260819755893665,0.01839348372015876,1350,0.1835518720765355,0.017636977779910086,0.5020262710636055,0.25
behavioral_greedy,behavioral,cosine,yahoo_025g1_000g2_075g3_n1000_s00,10,45,1500,0.10957409880950897,0.009607745654477437,0.18584487748326534,0.014292877653313428,0.5895997796300613,150,0.1843130790458187,0.014809264219825645,1350,0.1860150773096483,0.01422416602168524,0.5944998552287749,0.25
behavioral_greedy,behavioral,cosine,yahoo_025g1_025g2_050g3_n1000_s00,10,45,1500,0.09425206385357274,0.008209529184545612,0.16883943375115623,0.013763824956510564,0.5582348966680735,150,0.16679204688163443,0.014725934770775431,1350,0.16906692118110309,0.013633773716159411,0.5650872785346871,0.25
behavioral_greedy,behavioral,cosine,yahoo_025g1_050g2_025g3_n1000_s00,10,45,1500,0.08602968419732632,0.007330909612149361,0.16285857843322732,0.015414569518002573,0.5282477903526515,150,0.16093530449633675,0.01608000191351107,1350,0.16307227553732623,0.015323957611849333,0.5345606699944732,0.25
behavioral_greedy,behavioral,cosine,yahoo_025g1_075g2_000g3_n1000_s00,10,45,1500,0.0884556090606036,0.00932514832529272,0.16954624695415826,0.017345801044170276,0.5217196526002733,150,0.16782559024243562,0.018195857759227694,1350,0.16973743103323857,0.017238165916093468,0.5270686605828311,0.25
behavioral_greedy,behavioral,cosine,yahoo_033g1_033g2_033g3_n1000_s00,10,45,1500,0.09221342339699738,0.00830766113947318,0.17121249885251705,0.014490857944111271,0.5385904885158548,150,0.1695554874905781,0.015251557823558222,1350,0.1713966112260658,0.014392084477897134,0.5438539605043542,0.25
behavioral_greedy,behavioral,cosine,yahoo_050g1_000g2_050g3_n1000_s00,10,45,1500,0.08921520039194257,0.008576724178063927,0.1735784180749849,0.013488735170630017,0.5139763421130046,150,0.172263452144968,0.01429366239016699,1350,0.17372452540054234,0.013388343682130106,0.5178997592412329,0.25
behavioral_greedy,behavioral,cosine,yahoo_050g1_025g2_025g3_n1000_s00,10,45,1500,0.10275527464568557,0.0069941996606155965,0.16935574675250256,0.014547558567529073,0.606742178025129,150,0.16696719886513967,0.015438720526741171,1350,0.16962114096220957,0.014420746796292126,0.6154219232526119,0.25
behavioral_greedy,behavioral,cosine,yahoo_050g1_050g2_000g3_n1000_s00,10,45,1500,0.0905007865075003,0.010121842158926926,0.16450999391779625,0.01472238537200696,0.5501233350766672,150,0.16261923181042187,0.01568387893703299,1350,0.1647200785963934,0.014596537071857619,0.5565195795107694,0.25
behavioral_greedy,behavioral,cosine,yahoo_075g1_000g2_025g3_n1000_s00,10,45,1500,0.09421500246045379,0.009000671591674746,0.17540169960024282,0.015187048490058664,0.5371384808424249,150,0.1734190909374333,0.0160403365750737,1350,0.17562198945166613,0.015073171660914913,0.543279300745758,0.25
behavioral_greedy,behavioral,cosine,yahoo_075g1_025g2_000g3_n1000_s00,10,45,1500,0.09214008680928143,0.006231911620354569,0.16915104821720603,0.01758650713034535,0.5447207556820151,150,0.16718763710773812,0.018802034760322554,1350,0.1693692050071469,0.01743257648031646,0.5511178242797046,0.25
behavioral_greedy,behavioral,cosine,yahoo_100g1_000g2_000g3_n1000_s00,10,45,1500,0.09520670968093721,0.00892769873321378,0.17857132480919055,0.018133647722282556,0.5331578840145178,150,0.17671237703167836,0.019558320519270606,1350,0.17877787456224747,0.01795650375391726,0.5387665045322205,0.25
